quirk_id,title,format,category,severity,cwe,mitre_rating,affected_parsers,target_manifests,description,vulnerable_snippet,parsed_as,safe_snippet,failure_vector,remediation
YML-TRAP-01,The Norway Problem (Unquoted ISO Country Code NO Coerced to Boolean False),YAML 1.1,Implicit Type Coercion,High,CWE-704,Likelihood: Low/Medium,PyYAML; SnakeYAML; gopkg.in/yaml.v2; js-yaml (<=3.x),Kubernetes ConfigMaps; Helm Values; Localization Configs,"In YAML 1.1 specifications, unquoted 'no', 'NO', 'No', 'yes', 'y', 'n', 'on', 'off' are reserved keywords evaluating directly to booleans (true/false). In geographic or localization manifests, an unquoted country code 'NO' (Norway) silently evaluates to false.","allowed_countries:
  - SE
  - NO
  - FI","allowed_countries: ['SE', false, 'FI']","allowed_countries:
  - ""SE""
  - ""NO""
  - ""FI""",Silent authorization bypass or runtime validation crash when string operations are invoked on boolean values.,"Always wrap two-letter ISO country codes and boolean-like strings in explicit double quotes, or configure linters (yamllint) to enforce quotes on boolean keys."
YML-TRAP-02,Port Mapping Sexagesimal Notation (Base-60 Conversion),YAML 1.1,Sexagesimal Coercion,Critical,CWE-704,Likelihood: Low/Medium,PyYAML; Docker Compose CLI (v1/v2 legacy); SnakeYAML,Docker Compose; Kubernetes Pod Specs,"YAML 1.1 supports sexagesimal (base-60) numbers using colon notation (e.g. 12:30:00). In Docker Compose files, port mappings like '22:22' (SSH) or '80:80' can be interpreted as sexagesimal integers: '22:22' -> 22*60 + 22 = 1342.","ports:
  - 22:22
  - 80:80","ports: [1342, 4880]","ports:
  - ""22:22""
  - ""80:80""","Daemon binds unexpected high ports, causing port collision, denial of service, or exposure of non-standard port listeners.","Always quote port mapping declarations as strings ('""22:22""') in Compose and container specifications."
YML-TRAP-03,Octal Permission Interpretation via Leading Zero,YAML 1.1 / YAML 1.2,Octal Radix Coercion,High,CWE-732,Top 25: #22 (Score 4.88),PyYAML; Go yaml.v3; Kubernetes API server,Kubernetes Secret/ConfigMap defaultMode; POSIX Permissions,"In YAML 1.1, integers with a leading 0 (e.g. 0755) are parsed as octal (decimal 493). In YAML 1.2, octal integers require '0o' prefix (e.g. 0o755), and '0755' may either error or be treated as decimal 755 (octal 01363), drastically altering file permissions.","volumes:
  - name: config
    configMap:
      name: app-config
      defaultMode: 0755",defaultMode: 493 (in YAML 1.1) vs 755 (in YAML 1.2 / JSON integer mode),defaultMode: 0o755 # or decimal 493 explicitly,"Incorrect filesystem permissions on mounted secrets or configuration files, potentially creating world-writable security vulnerabilities.","Use explicit octal prefix '0o' or verify target parser standard, or document permission integers in decimal format."
YML-TRAP-04,Duplicate Map Keys Silent Overwrite vs Reject,YAML 1.1 / YAML 1.2 / JSON,Key Shadowing / Semantic Deserialization,Critical,CWE-471,Likelihood: Medium,Python PyYAML; Ruby Psych; Go gopkg.in/yaml.v2; JSON.parse(),Kubernetes Deployment Spec; AWS CloudFormation; Terraform JSON,"When duplicate keys exist in a mapping, different parsers handle it inconsistently: PyYAML silently retains the last key, Go yaml.v2 overwrites, while yaml.v3 or Kubernetes strict JSON decoders throw a validation error. Attackers exploit duplicate keys to bypass WAFs or admission controllers.","spec:
  securityContext:
    runAsNonRoot: true
  # ... 50 lines of config ...
  securityContext:
    runAsNonRoot: false",securityContext.runAsNonRoot: false (last key wins in lax parsers),"spec:
  securityContext:
    runAsNonRoot: true",Security guardrails or admission controls validated on the first occurrence are overridden by trailing duplicate keys in the backend runtime.,"Enforce strict unmarshaling flags (e.g. yaml.Decoder.KnownFields(true), json.Decoder.DisallowUnknownFields()) in admission controllers."
YML-TRAP-05,YAML Billion Laughs Entity Expansion / Anchor Bomb,YAML 1.1 / YAML 1.2,Resource Exhaustion / DoS,Critical,CWE-776,Likelihood: High / Resource Exhaustion,PyYAML (<5.3.1); SnakeYAML (<2.0); Ruby Psych (<3.1.0),Helm Charts; CI/CD Pipeline Configurations; User Upload Manifests,"Recursive anchors and aliases (&a, *a) allow exponential expansion of deeply nested data structures, consuming gigabytes of memory from a payload under 1 KB.","a: &a [""lol"",""lol"",""lol"",""lol"",""lol""]
b: &b [*a,*a,*a,*a,*a]
c: &c [*b,*b,*b,*b,*b]
d: [*c,*c,*c,*c,*c]",Memory exhaustion crash / Out of Memory OOM killer triggered,# Restrict alias depth and total node counts in parser configuration,"Complete denial of service on manifest parsing servers, admission webhooks, and CI runners.",Enforce parser limits on maximum alias expansion depth or use SafeLoader with alias resolution limits.
HCL-TRAP-01,HCL2 Dynamic Expression String Interpolation vs Object Reference,HCL2,Type Coercion / Syntax Deprecation,Medium,CWE-704,Likelihood: Low/Medium,hashicorp/hcl/v2; Terraform 0.12+,Terraform Configurations; Terragrunt,"In HCL2 (Terraform 0.12+), wrapping references in quotes and interpolation syntax (""${var.item}"") forces string coercion, while raw references (var.item) preserve lists, maps, or booleans. Forcing a list to string produces invalid argument types.","subnet_ids = ""${module.vpc.subnet_ids}""",subnet_ids converted to string or throws 'A string value is required',subnet_ids = module.vpc.subnet_ids,Deployment pipeline failures or unexpected string serialization of complex data structures.,Omit interpolation quotes for first-class object references in HCL2.
JSN-TRAP-01,JavaScript IEEE-754 Large Integer Precision Truncation,JSON,Numeric Precision Loss,High,CWE-681,Likelihood: Medium / Precision Loss,V8 JSON.parse(); WebKit JavaScriptCore; Node.js JSON parser,Audit Logs; Snowflake IDs; Cryptographic Nonces,"JSON numbers are parsed as 64-bit floating point numbers (IEEE 754) in standard JavaScript engines. Integers exceeding Number.MAX_SAFE_INTEGER (9,007,199,254,740,991 or 2^53 - 1), such as 64-bit database IDs or Twitter snowflakes, lose precision silently.","{""transaction_id"": 9007199254740993}","{""transaction_id"": 9007199254740992}","{""transaction_id"": ""9007199254740993""}","Attestation log corruption, cryptographic signature mismatch, or colliding record lookups.","Always encode 64-bit integer IDs, hashes, and nonces as strings in JSON payloads."
GHA-TRAP-01,GitHub Actions Inline Script Expression Injection,YAML / Actions Expression,Script Injection,Critical,CWE-78,Top 25: #3 (Score 18.25),GitHub Actions Runner Expression Evaluator,GitHub Actions Workflows (.github/workflows/*.yml),"Directly inlining untrusted context variables like ${{ github.event.issue.title }} or ${{ github.head_ref }} inside a 'run:' bash block allows shell injection, as the expression is rendered prior to shell execution.","run: echo ""Processing issue: ${{ github.event.issue.title }}""",Shell executes arbitrary injected shell commands if issue title contains '; rm -rf /; ...',"env:
  ISSUE_TITLE: ${{ github.event.issue.title }}
run: echo ""Processing issue: $ISSUE_TITLE""","Remote code execution on CI runner, compromise of repository secrets and deployment tokens.",Always assign untrusted workflow context expressions to intermediate environment variables before accessing them in shell commands.
